<?xml version="1.0"?>
<!DOCTYPE package-info SYSTEM "http://www.simplemachines.org/xml/package-info">
<package-info xmlns="http://www.simplemachines.org/xml/package-info" xmlns:smf="http://www.simplemachines.org/">
	<id>Yagiz:BoardsModerating</id>>
	<name>Boards Moderating</name>
	<version>1.0.1</version>
	<type>modification</type>
	<install for="2.0 RC4">
		<modification type="file">install_rc4.xml</modification>
	</install>
	<uninstall for="2.0 RC4">
		<modification type="file" reverse="true">install_rc4.xml</modification>
	</uninstall>
	<install for="1.1.*">
		<modification type="file">install_11x.xml</modification>
	</install>
	<uninstall for="1.1.*">
		<modification type="file" reverse="true">install_11x.xml</modification>
	</uninstall>
</package-info>
