<?xml version="1.0"?>
<!DOCTYPE modification SYSTEM "http://www.simplemachines.org/xml/modification">
<modification xmlns="http://www.simplemachines.org/xml/modification" xmlns:smf="http://www.simplemachines.org/">
<id>spuds:ILA</id>
	
<file name="$languagedir/Modifications.english-utf8.php" error="skip">
	<operation>
		<search position="end" />
		<add><![CDATA[
		
//Begin HS4SMF changes
$txt['hs4smf_none'] = 'none';
$txt['hs4smf_inheading'] = 'In Heading ';
$txt['hs4smf_incaption'] = 'In Caption';
$txt['hs4smf_above'] = 'Above';
$txt['hs4smf_below'] = 'Below';
$txt['hs4smf_top'] = 'Top';
$txt['hs4smf_center'] = 'center';
$txt['hs4smf_right'] = 'right';
$txt['hs4smf_left'] = 'left';
$txt['hs4smf_bottom'] = 'Bottom';
$txt['hs4smf_image'] = 'Image';
$txt['hs4smf_text'] = 'Text Control ';
$txt['hs4smf_largew'] = 'Large White Control ';
$txt['hs4smf_smallw'] = 'Small White Control';
$txt['hs4smf_largeb'] = 'Large Black Control ';
$txt['hs4smf_overlayedon'] = 'Overlayed on';
$txt['hs4smf_hrw'] = 'Highslide rounded-white';
$txt['hs4smf_pos'] = 'Polaroid Outline + Shadow';
$txt['hs4smf_borderless'] = 'Borderless';
$txt['hs4smf_dog'] = 'Dark Outer-Glow';
$txt['hs4smf_pas'] = 'Plain and Simple';
$txt['hs4smf_dag'] = 'Dark and Glossy';
$txt['hs4smf_dbf'] = 'Dark borderless, floating-caption';
$txt['hs4smf_nodimming'] = 'No dimming';
$txt['hs4smf_00'] = '0%';
$txt['hs4smf_10'] = '10%';
$txt['hs4smf_20'] = '20%';
$txt['hs4smf_30'] = '30%';
$txt['hs4smf_40'] = '40%';
$txt['hs4smf_50'] = '50%';
$txt['hs4smf_60'] = '60%';
$txt['hs4smf_70'] = '70%';
$txt['hs4smf_80'] = '80%';
$txt['hs4smf_90'] = '90%';
$txt['hs4smf_100'] = '100%';
$txt['hs4smf_fullblack'] = 'Full black';
$txt['hs4smf_imagetitle'] = 'Image Title';
$txt['hs4smf_imagealt'] = 'Image Alt';
$txt['hs4smf_linktitle'] = 'Link Title';
$txt['hs4smf_postsubject'] = 'Post Subject';

$txt['mods_cat_modifications_hs4smf'] = 'Highslide';
$txt['hs4smf'] = 'Highslide 4 SMF';
$txt['hs4smf_desc'] = 'This modification allows you to enable the highslide lightbox effect to images and attachments in your forum.';
$txt['hs4smf_title'] = 'Highslide 4 SMF';
$txt['hs4smf_enabled'] = 'Enable the Highslide 4 SMF Modification.<br /><br />Highslide JS is licensed under a Creative Commons Attribution-Non Commercial 2.5 License. This means you must get the author\'s permission to use Highslide JS on commercial websites.<br /><br />Enabling highslide means that you are agreeing to the <a href=http://highslide.com/#licence>Highslide License</a> terms';
$txt['hs4smf_enablecoral'] = 'Use Coral CDN as JS/CSS source';
$txt['hs4smf_enablegalleryfade'] = 'Enable Fade In/Out transition';
$txt['hs4smf_enablecredits'] = 'Enable Highslide Credits';
$txt['hs4smf_enableonattachments'] = 'Enable Highslide on Attachments';
$txt['hs4smf_slideshowcontrols'] = 'Use graphical slideshow controls';
$txt['hs4smf_slideshowmouse'] = 'Hide slideshow controls on mouse out';
$txt['hs4smf_slidebackgroundcolor'] = 'Overall background color for the slide frame (6 digit hex)';
$txt['hs4smf_slideshowcontrollocation'] = 'Location for the slideshow controls';
$txt['hs4smf_enablecenter'] = 'Align expanded images to center of page';
$txt['hs4smf_enableflash'] = 'Enable highslide on flash files';
$txt['hs4smf_endableslideshow'] = 'Enable Slideshow feature';
$txt['hs4smf_slideshowdelay'] = 'Delay between slides in seconds (0-10)';
$txt['hs4smf_nudgex'] = 'Adjust the slideshow control position right/left';
$txt['hs4smf_nudgey'] = 'Adjust the slideshow control position up/down';
$txt['hs4smf_slideshowrepeat'] = 'Loop Slideshow';
$txt['hs4smf_slideshowgrouping'] = 'Enable smart slideshow grouping (image grouping by message instead of topic)';
$txt['hs4smf_appearance'] = 'Define how the frame around the highslided image appears';
$txt['hs4smf_dimmingopacity'] = 'How dark to make the background page when highsliding an image';
$txt['hs4smf_headingsource'] = 'Source for the text in the heading';
$txt['hs4smf_captionsource'] = 'Source for the text in the caption';
$txt['hs4smf_sourceopacity'] = 'How dark to make the background in the heading and caption area';
$txt['hs4smf_captionposition'] = 'Location for the caption';
$txt['hs4smf_headingposition'] = 'Location for the heading';
$txt['hs4smf_sourcemouse'] = 'Hide heading and caption on mouse out';
$txt['hs4smf_slideshownumbers'] = 'Show Image x of y in the slideshow';
$txt['hs4smf_slidecontrolsalways'] = 'Always show slide control (even on single images)';
$txt['hs4smf_aeva_format'] = 'Add additional settings in the Aeva Gallery to provide similar lightbox formatting';
//End HS4SMF changes
]]></add>
	</operation>
</file>

</modification>