<?xml version="1.0"?>
<!DOCTYPE package-info SYSTEM "http://www.simplemachines.org/xml/package-info">
<package-info xmlns="http://www.simplemachines.org/xml/package-info" xmlns:smf="http://www.simplemachines.org/">

    <id>digger:dQuoteSelection</id>
    <name>dQuoteSelection</name>
    <type>modification</type>
    <version>2.5 b2</version>

    <install for="2.0 - 2.0.99">                                                         
        <readme type="file" parsebbc="true">readme/english.txt</readme>
        <readme type="file" parsebbc="true" lang="russian">readme/russian.txt</readme>		
        <readme type="file" parsebbc="true" lang="russian-utf8">readme/russian-utf8.txt</readme>        
        <require-dir name="languages" destination="$themedir" />
        <require-file name="dquote.js" destination="$themedir/scripts" />
        <require-file name="Dquote.php" destination="$sourcedir" />
        <code>modification.php</code>
    </install>

    <uninstall for="2.0 - 2.0.99">
        <remove-dir name="$themedir/languages/Dquote" />
        <remove-file name="$themedir/scripts/dquote.js" />
        <remove-file name="$sourcedir/Dquote.php" />
        <code>modification.php</code>
    </uninstall>

</package-info>