<?xml version="1.0"?>
<!DOCTYPE package-info SYSTEM "http://www.simplemachines.org/xml/package-info">
<package-info xmlns="http://www.simplemachines.org/xml/package-info" xmlns:smf="http://www.simplemachines.org/">
    <name>Tapatalk SMF 2.0 Plugin</name>
    <id>Tapatalk:TapatalkDevelopmentTeam</id>
    <version>4.2.8</version>
      <homepage>http://tapatalk.com</homepage>
    <type>modification</type>
    <install>
        <require-dir name="mobiquo" destination="$boarddir" />
        <require-dir name="Sources" destination="$boarddir" />
        <require-dir name="Themes" destination="$boarddir" />
        <modification>install.xml</modification>
        <readme type="file" parsebbc="true">readme.txt</readme>
        <redirect url="?action=admin;area=tapatalksettings;" timeout="3000">redirect.txt</redirect>
        <code>db/install.php</code>
    </install>
    <uninstall>
        <remove-dir name="mobiquo" />
        <remove-file name="$sourcedir/ManageTapatalk.php" />
        <remove-file name="$sourcedir/Subs-Tapatalk.php" />
        <remove-file name="$themedir/images/admin/tapatalk_settings.png" />
        <remove-file name="$themedir/Tapatalk.template.php" />
        <modification reverse="true">install.xml</modification>
        <code>db/uninstall.php</code>
    </uninstall>
</package-info>