<?xml version="1.0"?>
<!DOCTYPE modification SYSTEM "http://www.simplemachines.org/xml/modification">
<modification xmlns="http://www.simplemachines.org/xml/modification" xmlns:smf="http://www.simplemachines.org/">
	<id>Labradoodle-360:Advanced_Recent_Posts</id>
	<version>1.1.1</version>
	<file name="$themedir/languages/Modifications.english-utf8.php" error="skip">
		<operation>
			<search position="end"></search>
			<add><![CDATA[
//-- Labradoodle-360; Advanced Recent Posts
$txt['topic_name'] = 'Topic';
$txt['poster_name'] = 'Poster';
$txt['board_name'] = 'Board';
$txt['post_time'] = 'Post Time';
// End Labradoodle-360; Advanced Recent Posts --//
]]></add>
		</operation>
	</file>
</modification>