<?xml version="1.0"?>
<!DOCTYPE modification SYSTEM "http://www.simplemachines.org/xml/modification">
<modification xmlns="http://www.simplemachines.org/xml/modification" xmlns:smf="http://www.simplemachines.org/">
	<id>Labradoodle-360:Advanced_Recent_Posts</id>
	<version>1.1.1</version>
	<file name="$themedir/BoardIndex.template.php">
		<operation>
			<search position="replace"><![CDATA[
		// Show lots of posts.
		elseif (!empty($context['latest_posts']))
		{
			echo '
				<dl id="ic_recentposts" class="middletext">';

			/* Each post in latest_posts has:
					board (with an id, name, and link.), topic (the topic's id.), poster (with id, name, and link.),
					subject, short_subject (shortened with...), time, link, and href. */
			foreach ($context['latest_posts'] as $post)
				echo '
					<dt><strong>', $post['link'], '</strong> ', $txt['by'], ' ', $post['poster']['link'], ' (', $post['board']['link'], ')</dt>
					<dd>', $post['time'], '</dd>';
			echo '
				</dl>';
		}
]]></search>
			<add><![CDATA[
		//-- Labradoodle-360; Advanced Recent Posts
		elseif (!empty($context['latest_posts']))
		{
			echo '
				<table align="center" cellpadding="5" cellspacing="0" width="100%" border="0">
        			<tr>
                        <td class="arp_header">', $txt['topic_name'] ,':</td>
                        <td class="arp_header">', $txt['poster_name'] ,':</td>
		              	<td class="arp_header">', $txt['board_name'] ,':</td>
                        <td class="arp_header">', $txt['post_time'] ,':</td>
                    </tr>';
            		foreach ($context['latest_posts'] as $post)
                    {
			         	echo '
                        <tr>
        					<td class="arppost arp_left">', $post['link'], '</td>
        					<td class="arppost arp_rest">', $post['poster']['link'], '</td>
        					<td class="arppost arp_rest">', $post['board']['link'], '</td>
        					<td class="arppost arp_rest">', $post['time'], '</td>
      					</tr>';
                    }
        			echo '
				</table>
                <br />
            ';
		}
        // End Labradoodle-360; Advanced Recent Posts --//
]]></add>
		</operation>
	</file>
	<file name="$themedir/css/index.css">
		<operation>
			<search position="end"></search>
			<add><![CDATA[
/*-- Labradoodle-360; Advanced Recent Posts */
.arp_header {
	font-weight: bold;
	text-align: center;
}
.arppost {
	background-color: #f6f6f6;
	width: 20%;
	text-align: center;
}
.arppost:hover {
	background: #e0e6e6;
}
.arp_left {
	border-top: 1px solid #b7b7b7;
	border-bottom: 1px solid #b7b7b7;
	border-left: 1px solid #b7b7b7;
	border-right: 1px solid #b7b7b7;
}
.arp_rest {
	border-top: 1px solid #b7b7b7;
	border-bottom: 1px solid #b7b7b7;
	border-right: 1px solid #b7b7b7;
}
/* End Labradoodle-360; Advanced Recent Posts --*/
]]></add>
		</operation>
	</file>
		<file name="$themedir/languages/Modifications.english.php">
		<operation>
			<search position="end"></search>
			<add><![CDATA[
//-- Labradoodle-360; Advanced Recent Posts
$txt['topic_name'] = 'Topic';
$txt['poster_name'] = 'Poster';
$txt['board_name'] = 'Board';
$txt['post_time'] = 'Post Time';
// End Labradoodle-360; Advanced Recent Posts --//
]]></add>
		</operation>
	</file>
</modification>