<?xml version="1.0"?>
<!DOCTYPE package-info SYSTEM "http://www.simplemachines.org/xml/package-info">
<!-- - - - - - - - - - - - - - - - - - - - - - - - - - - - - - - - - - - - - - -
	Package manifest file for Advanced Recent Posts 1.1.1

	ATTENTION: If you are trying to install this manually, you should try
	the package manager.  If it will not work for you, please take a look
	at the following for information on this format:
		http://mods.simplemachines.org/docs/manual-install.php

 - - - - - - - - - - - - - - - - - - - - - - - - - - - - - - - - - - - - - - -->
<package-info xmlns="http://www.simplemachines.org/xml/package-info" xmlns:smf="http://www.simplemachines.org/">
	<id>Labradoodle-360:Advanced_Recent_Posts</id>
	<name>Advanced Recent Posts</name>
	<version>1.1.1</version>
	<type>modification</type>
	<!-- !! INSTALLS !! -->
	<install for="2.0 RC2 - 2.0 RC5, 2.0 - 2.0.99">
		<readme type="file" parsebbc="true">readme.txt</readme>
		<modification type="file" format="xml">modifications.xml</modification>
        <modification type="file" format="xml">languages-utf8.xml</modification>
		<!-- Redirect To: ?action=admin;area=packages;sa=browse -->
		<redirect url="?action=admin;area=packages;sa=browse" />
	</install>
	<!-- !! UNINSTALLS !! -->
	<uninstall for="2.0 RC2 - 2.0 RC5, 2.0 - 2.0.99">
		<readme type="file" parsebbc="true">readme.txt</readme>
		<modification type="file" format="xml" reverse="true">modifications.xml</modification>
        <modification type="file" format="xml" reverse="true">languages-utf8.xml</modification>
		<!-- Redirect To: ?action=admin;area=packages;sa=browse -->
		<redirect url="?action=admin;area=packages;sa=browse" />
	</uninstall>
</package-info>