<?xml version="1.0"?>
<!DOCTYPE modification SYSTEM "http://www.simplemachines.org/xml/modification">
<!-- - - - - - - - - - - - - - - - - - - - - - - - - - - - - - - - - - - - - - -
	This is an example modification file for SMF packages.

	ATTENTION: If you are trying to install this manually, you should try
	the package manager.  If it will not work for you, please take a look
	at the following for information on this format:
		http://mods.simplemachines.org/docs/manual-install.php

================================================================================

	Modification files can be used to modify files so that they do what
	your package needs them to do to work properly.

 - - - - - - - - - - - - - - - - - - - - - - - - - - - - - - - - - - - - - - -->

<modification xmlns="http://www.simplemachines.org/xml/modification" xmlns:smf="http://www.simplemachines.org/">

	<id>digger:TopicStarter</id>
	<version>1.6</version>

	<file name="$languagedir/Modifications.russian-utf8.php" error="skip">
		<operation error="ignore">
			<search position="end"></search>
			<add><![CDATA[
// * Mod 'TopicStarter' by Digger
$txt['TopicStarter_txt'] = 'Автор темы';
// Mod 'TopicStarter' by Digger *
      ]]></add>
		</operation>
	</file>

	<file name="$languagedir/Modifications.english-utf8.php" error="skip">
		<operation>
			<search position="end"></search>
			<add><![CDATA[
// * Mod 'TopicStarter' by Digger
$txt['TopicStarter_txt'] = 'Topic starter';
// Mod 'TopicStarter' by Digger *
      ]]></add>
		</operation>
	</file>

	<file name="$languagedir/Modifications.italian-utf8.php" error="skip">
		<operation>
			<search position="end"></search>
			<add><![CDATA[
// * Mod 'TopicStarter' by Digger
$txt['TopicStarter_txt'] = 'Avviatore dei topic';
// Mod 'TopicStarter' by Digger *
      ]]></add>
		</operation>
	</file>

</modification>
