<?xml version="1.0"?>
<!DOCTYPE modification SYSTEM "http://www.simplemachines.org/xml/modification">
<!-- - - - - - - - - - - - - - - - - - - - - - - - - - - - - - - - - - - - - - -
	This is an example modification file for SMF packages.

	ATTENTION: If you are trying to install this manually, you should try
	the package manager.  If it will not work for you, please take a look
	at the following for information on this format:
		http://mods.simplemachines.org/docs/manual-install.php

================================================================================

	Modification files can be used to modify files so that they do what
	your package needs them to do to work properly.

 - - - - - - - - - - - - - - - - - - - - - - - - - - - - - - - - - - - - - - -->

<modification xmlns="http://www.simplemachines.org/xml/modification" xmlns:smf="http://www.simplemachines.org/">

	<id>digger:TopicStarter</id>
	<version>1.7</version>

	<file name="$themedir/Display.template.php">
		<operation>

			<search position="before"><![CDATA[', $message['member']['link']]]></search>

			<add><![CDATA[ , ($message['member']['id'] == $context['topic_starter_id'] && !$message['member']['is_guest']) ? '<img src="'.$settings['default_images_url'].'/topic_starter.gif" height="16" width="16" alt="'.$txt['TopicStarter_txt'].'" title="'.$txt['TopicStarter_txt'].'" style="vertical-align:bottom" />' : '' ]]></add>
		</operation>
	</file>
	
</modification>
