<?xml version="1.0"?>
<!DOCTYPE package-info SYSTEM "http://www.simplemachines.org/xml/package-info">
<!-- - - - - - - - - - - - - - - - - - - - - - - - - - - - - - - - - - - - - - -
	This is a simplified package manifest for SMF packages.

	ATTENTION: If you are trying to install this manually, you should try
	the package manager.  If it will not work for you, please take a look
	at the following for information on this format:
		http://mods.simplemachines.org/docs/manual-install.php
 - - - - - - - - - - - - - - - - - - - - - - - - - - - - - - - - - - - - - - -->

<package-info xmlns="http://www.simplemachines.org/xml/package-info" xmlns:smf="http://www.simplemachines.org/">
	<id>digger:TopicStarter</id>
	<name>TopicStarter Mod</name>
	<version>1.7</version>
	<type>modification</type>
	<install for="1.0 - 1.1.99">
 		<readme type="inline">This mod adds a Topic Starter icon near member name in Topic Display.</readme>
		<modification>modification1.xml</modification>
		<modification>languages.xml</modification>
		<modification>languages.utf-8.xml</modification>
		<require-file name="topic_starter.gif" destination="$themedir/images" />
	</install>
	<install for="2.0 - 2.0.99">
 		<readme type="inline">This mod adds a Topic Starter icon near member name in Topic Display.</readme>
		<modification>modification2.xml</modification>
		<modification>languages.xml</modification>
		<modification>languages.utf-8.xml</modification>
		<require-file name="topic_starter.gif" destination="$themedir/images" />
	</install>
	<uninstall for="1.0 - 1.1.99">
		<readme type="inline">This will remove TopicStarter mod</readme>
		<modification reverse="true">modification1.xml</modification>
		<modification reverse="true">languages.xml</modification>
		<modification reverse="true">languages.utf-8.xml</modification>
		<remove-file name="$themedir/images/topic_starter.gif" />
	</uninstall>
	<uninstall for="2.0 - 2.0.99">
		<readme type="inline">This will remove TopicStarter mod</readme>
		<modification reverse="true">modification2.xml</modification>
		<modification reverse="true">languages.xml</modification>
		<modification reverse="true">languages.utf-8.xml</modification>
		<remove-file name="$themedir/images/topic_starter.gif" />
	</uninstall>
</package-info>
