<?xml version="1.0"?>
<!DOCTYPE modification SYSTEM "http://www.simplemachines.org/xml/modification">
<modification xmlns="http://www.simplemachines.org/xml/modification" xmlns:smf="http://www.simplemachines.org/">
	<id>din1031:MemberColorLink</id>
	<version>3.0.0</version>
	<info>Install the english Language fot the Member Color Link</info>
	<homepage>http://www.ayu-kult.de</homepage>
	<file name="$languagedir/Modifications.english.php">
		<operation>
			<search position="after"><![CDATA[?>]]></search>
			<add><![CDATA[
//Member Color Link
$txt['MemberColorLinkHeadline'] = 'Member Color Link';
$txt['MemberColorLink'] = 'The display of the threadindex';
$txt['MemberColorLinkOldSpanStyle'] = 'Use a span html tag for the color (Old Style of the Mod)';
$txt['MemberColorThreadOwner'] = 'The thread owner at the boardindex';
$txt['MemberColorThreadLastPost'] = 'The last post member at the messageindex';
$txt['MemberColorThreadChild'] = 'The last post member at the childboard';
$txt['MemberColorModeratorLinks'] = 'Color the Moderator Links';
$txt['MemberColorBoardindex'] = 'The last post member at the boardindex';
$txt['MemberColorBirthday'] = 'The Birthday Links of the Members (Calendar and Boardindex)';
$txt['MemberColorRecentOwner'] = 'Recent posts, threadowner';
$txt['MemberColorRecentLastPost'] = 'Recent posts, the last poster';
$txt['MemberColorInbox'] = 'Change colors in the Instant Messages Inbox';
$txt['MemberColorOutbox'] = 'Change colors in the Instant Messages Outbox';
$txt['MemberColorLatestMember'] = 'Color the Latest Member';
$txt['MemberColorStats'] = 'Change color in the Boardstats.';
$txt['MemberColorWhoIsOnline'] = 'Color the Who is Online (Messagesindex and Threadindex)';
$txt['MemberColorGuests'] = 'Color for Guest nicknames<br /><span class="smalltext">Boradindex, Messageindex and Theaddisplay</span>';
$txt['MemberColorBanned'] = 'Color for Banned nicknames';
$txt['MemberColorBirthdayColor'] = 'Color for Brithday nicknames';
$txt['MemberColorModCenter'] = 'Color links for the Moderation Center';
$txt['MemberColorIssuePList'] = 'Color links of the profile issued warning list';
$txt['MemberColorAllSearch'] = 'Extend Color in Search to all Field (Heavy load needed)';
]]></add>
		</operation>
	</file>
</modification>