<?xml version="1.0"?>
<!DOCTYPE modification SYSTEM "http://www.simplemachines.org/xml/modification">
<modification xmlns="http://www.simplemachines.org/xml/modification" xmlns:smf="http://www.simplemachines.org/">
	<id>din1031:MemberColorLink</id>
	<version>2.0.5</version>
	<info>Install the Spain Language fot the Member Color Link, not Complete now! 
Translatet By [darksteel]@www.simplemachines.org and EgAr@www.simplemachines.org</info>
	<homepage>http://www.ayu-kult.de</homepage>
	<file name="$languagedir/Modifications.spanish.php" error="skip">
		<operation>
			<search position="after"><![CDATA[?>]]></search>
			<add><![CDATA[
//Tanslated By: [darksteel], EgAr
$txt['MemberColorLinkHeadline'] = 'Colores de Miembros';
$txt['MemberColorLink'] = 'Mostrar color en el &Iacute;ndice de temas';
$txt['MemberColorThreadOwner'] = 'Mostrar color del creador del tema';
$txt['MemberColorThreadLastPost'] = 'Mostrar color en la parte de &uacute;ltimo mensaje.';
$txt['MemberColorThreadChild'] = 'Mostrar color en la parte de subforos';
$txt['MemberColorModeratorLinks'] = 'Color de los Enlaces de Moderador';
$txt['MemberColorBoardindex'] = 'Mostrar color en la parte de &iacute;ndice del foro';
$txt['MemberColorBirthday'] = 'Los enlaces de miembros que cumplen a&ntilde;os(Calendario en el &Iacute;ndice del foro)';
$txt['MemberColorRecentOwner'] = 'Mensajes Recientes, creador del tema';
$txt['MemberColorRecentLastPost'] = 'Mensajes Recientes, &uacute;ltimo mensaje';
$txt['MemberColorInbox'] = 'Cambiar color en la bandeja de entrada de los Mensajes Personales';
$txt['MemberColorOutbox'] = 'Cambiar color en la bandeja de salida de los Mensajes Personales';
$txt['MemberColorLatestMember'] = 'Color del &uacute;ltimo usuario';
$txt['MemberColorStats'] = 'Cambiar color en las estadisticas del foro.';
$txt['MemberColorWhoIsOnline'] = 'Color de Quien esta en linea (&iacute;ndice de mensajes e &iacute;ndice de temas)';
$txt['MemberColorGuests'] = 'Color para Visitantes<br /><span class="smalltext">&Iacute;ndice del foro, &iacute;ndice de mensajes y Temas publicados</span>';
$txt['MemberColorBanned'] = 'Color para usuarios Bannedos';
$txt['MemberColorLinkOldSpanStyle'] = 'Use a span html tag for the color (Old Style of the Mod)';
$txt['MemberColorBirthdayColor'] = 'Color for Brithday nicknames';
$txt['MemberColorModCenter'] = 'Color links for the Moderation Center';
$txt['MemberColorIssuePList'] = 'Color links of the profile issued warning list';
$txt['MemberColorAllSearch'] = 'Extend Color in Search to all Field (Heavy load needed)';
]]></add>
		</operation>
	</file>
</modification>