﻿<?xml version="1.0"?>
<!DOCTYPE modification SYSTEM "http://www.simplemachines.org/xml/modification">
<modification xmlns="http://www.simplemachines.org/xml/modification" xmlns:smf="http://www.simplemachines.org/">
	<id>din1031:MemberColorLink</id>
	<version>3.0.0</version>
	<info>Install the German Language fot the Member Color Link
Translatet By din1031@www.ayu-kult.de</info>
	<homepage>http://www.ayu-kult.de</homepage>
	<file name="$languagedir/Modifications.german-utf8.php" error="skip">
		<operation>
			<search position="after"><![CDATA[?>]]></search>
			<add><![CDATA[
//Tanslated By: DIN1031
$txt['MemberColorLinkHeadline'] = 'Member Color Link';
$txt['MemberColorLink'] = 'Farbanzeige im Threadindex';
$txt['MemberColorLinkOldSpanStyle'] = 'Benutzt den SPAN html tag für die Farbe (Wie in der alten Version)';
$txt['MemberColorThreadOwner'] = 'Farbanzeige des Thread Erstellers im Boardindex';
$txt['MemberColorThreadLastPost'] = 'Zuletzt geposteter user des Messagesindex';
$txt['MemberColorThreadChild'] = 'Zuletzt geposteter von den Unterboards';
$txt['MemberColorModeratorLinks'] = 'Moderatoren Links mit Farbe versehen';
$txt['MemberColorBoardindex'] = 'Zuletzt geposteter des Boardindex';
$txt['MemberColorBirthday'] = 'Links der Geburtstagskinder (Kalender und Boardindex)';
$txt['MemberColorRecentOwner'] = 'Neue Antworten, Ungelesene Beitrage, Thread Ersteller';
$txt['MemberColorRecentLastPost'] = 'Neue Antworten, Ungelesene Beitrage, Zuletzt geposteter';
$txt['MemberColorInbox'] = 'Nickfarben im PM Eingang';
$txt['MemberColorOutbox'] = 'Nickfarben im PM Ausgang';
$txt['MemberColorLatestMember'] = 'Farbe für das Neueste Mitglied';
$txt['MemberColorStats'] = 'Farbe in den Boardstats.';
$txt['MemberColorWhoIsOnline'] = 'Farbe für die "Who is Online" Nicks (Messagesindex und Threadindex)';
$txt['MemberColorGuests'] = 'Farbe für Gast Nicknames<br /><span class="smalltext">Boradindex, Messageindex und Thead</span>';
$txt['MemberColorBanned'] = 'Farbe für Gebannte Nicknames';
$txt['MemberColorBirthdayColor'] = 'Farbe für die Mitglieder die Geburtstag haben';
$txt['MemberColorModCenter'] = 'Linkfarben im Moderations Center';
$txt['MemberColorIssuePList'] = 'Farben für die Verwarnungsliste';
$txt['MemberColorAllSearch'] = 'Erweiterte Farbe auf alle Suchfelder (Benötigt mehr Datenbankzugriffe)';
]]></add>
		</operation>
	</file>
</modification>