<?xml version="1.0"?>
<!DOCTYPE modification SYSTEM "http://www.simplemachines.org/xml/modification">
<modification xmlns="http://www.simplemachines.org/xml/modification" xmlns:smf="http://www.simplemachines.org/">
	<id>din1031:MemberColorLink</id>
	<version>3.0.0</version>
	<info>Install the spanish Language fot the Member Color Link</info>
	<homepage>http://www.ayu-kult.de</homepage>
	<file name="$languagedir/Modifications.spanish_es-utf8.php" error="skip">
		<operation>
			<search position="end"></search>
			<add><![CDATA[
//Member Color Link
$txt['MemberColorLinkHeadline'] = 'Colores de miembros';
$txt['MemberColorLink'] = 'La vista del &iacute;ndice de temas';
$txt['MemberColorLinkOldSpanStyle'] = 'Usar etiqueta html span para el color (Viejo estilo del Mod)';
$txt['MemberColorThreadOwner'] = 'El creador del tema en el &iacute;ndice del foro';
$txt['MemberColorThreadLastPost'] = 'El miembro del &uacute;ltimo mensaje en el &iacute;ndice de mensajes';
$txt['MemberColorThreadChild'] = 'El miembro del &uacute;ltimo mensaje en los subforos';
$txt['MemberColorModeratorLinks'] = 'Colorear los enlaces de moderador';
$txt['MemberColorBoardindex'] = 'El miembro del &uacute;ltimo mensaje en el &iacute;ndice de foros';
$txt['MemberColorBirthday'] = 'Los enlaces de cumplea&ntilde;os de los miembros (Calendario e &Iacute;ndice de foros)';
$txt['MemberColorRecentOwner'] = 'Mensajes recientes, creador del tema';
$txt['MemberColorRecentLastPost'] = 'Mensajes recientes, &uacute;ltimo publicador';
$txt['MemberColorInbox'] = 'Cambiar colores en la bandeja de Recibidos en Mensajes privados';
$txt['MemberColorOutbox'] = 'Cambiar colores en la bandeja de Enviados en Mensajes privados';
$txt['MemberColorLatestMember'] = 'Colorear al &uacute;ltimo miembro';
$txt['MemberColorStats'] = 'Cambiar color en las estad&iacute;sticas del foro.';
$txt['MemberColorWhoIsOnline'] = 'Colorear el Qui&eacute;n está en l&iacute;nea (&Iacute;ndice de mensajes e &Iacute;ndice de temas)';
$txt['MemberColorGuests'] = 'Color para los nicks de visitantes<br /><span class="smalltext">&Iacute;ndice de foros, de mensajes y vista del tema</span>';
$txt['MemberColorBanned'] = 'Color para los nicks de baneados';
$txt['MemberColorBirthdayColor'] = 'Color para los nicks de cumplea&ntilde;eros';
$txt['MemberColorModCenter'] = 'Color links for the Moderation Center';
$txt['MemberColorIssuePList'] = 'Color links of the profile issued warning list';
$txt['MemberColorAllSearch'] = 'Extender color en Buscar a todos los campos (Necesaria mucha carga)';]]></add>
		</operation>
	</file>
</modification>
