<?xml version="1.0"?>
<!DOCTYPE modification SYSTEM "http://www.simplemachines.org/xml/modification">
<modification xmlns="http://www.simplemachines.org/xml/modification" xmlns:smf="http://www.simplemachines.org/">
	<id>din1031:MemberColorLink</id>
	<version>3.0.0</version>
	<info>This are not importend Change for SMF 1.1.x</info>
	<homepage>http://www.ayu-kult.de</homepage>
	<file name="$sourcedir/ManageMembergroups.php">
		<operation error="ignore">
			<search position="replace"><![CDATA[				$context['groups'][$temp][$id]['link'] = '<a href="' . $data['href'] . '">' . $data['name'] . '</a>';
]]></search>
			<add><![CDATA[
				//Fix a mistake, for Member color Link it is better to see this color here!
				$context['groups'][$temp][$id]['link'] = '<a href="' . $data['href'] . '"'. (!empty($data['color']) ? ' style="color:'.$data['color'].'"' : '').'>' . $data['name'] . '</a>';
]]></add>
		</operation>
	</file>
</modification>
