<?xml version="1.0"?>
<!DOCTYPE package-info SYSTEM "http://www.simplemachines.org/xml/package-info">
<package-info xmlns="http://www.simplemachines.org/xml/package-info" xmlns:smf="http://www.simplemachines.org/">
	<name>Wikipedia BBC Language Pack</name>
	<id>Masterd:WikipediaBBC</id>
	<type>modification</type>
	<version>1.0</version>

		<!--This pack will add additional languages for Wikipedia BBC mod by Masterd.-->
	
    <install for="2.0 RC5 - 2.99.99">
		<readme parsebbc="true">readme.txt</readme>
		<require-file name="WikiBBC.russian.php" destination="$languagedir" />
		<require-file name="WikiBBC.russian-utf8.php" destination="$languagedir" />
	</install>
    <uninstall for="2.0 RC5 - 2.99.99">	
		<remove-file name="$languagedir/WikiBBC.russian.php" />
		<remove-file name="$languagedir/WikiBBC.russian-utf8.php" />
	</uninstall>
</package-info>
