<modification xmlns="http://www.simplemachines.org/xml/modification" xmlns:smf="http://www.simplemachines.org/">
	<id>Alan_S:UserCP</id>
	<version>3.0</version>
	<!-- Edit a specific file.. -->
	<file name="$boarddir/index.php">
		<!-- A seach operation, with search rules and code to modify the file with. -->
		<operation>
			<!-- Search for this text before the code we add.  You can also search for after, and the end of the file. -->
			<search position="after"><![CDATA['activate' => array('Register.php', 'Activate'),]]></search>
			<!-- Add this text when we find it.  Note that it's on it's own line on purpose, and the CDATA keeps things clean. -->
			<add><![CDATA['usercp' => array('usercp.php', 'usercp'),]]></add>
		</operation>

	</file>

<file name="$themedir/index.template.php">
		<!-- A seach operation, with search rules and code to modify the file with. -->
		<operation>
			<!-- Search for this text before the code we add.  You can also search for after, and the end of the file. -->
			<search position="before"><![CDATA[// Initialize the template... mainly little settings.
function template_init()
{
	global $context, $settings, $options, $txt;]]></search>
			<!-- Add this text when we find it.  Note that it's on it's own line on purpose, and the CDATA keeps things clean. -->
			<add><![CDATA[loadLanguage('usercp');]]></add>
		</operation>

	</file>



<file name="$sourcedir/Subs.php">
     <operation>
      <search position="replace"><![CDATA[// Set up the menu privileges.
	$context['allow_search'] = allowedTo('search_posts');
	$context['allow_admin'] = allowedTo(array('admin_forum', 'manage_boards', 'manage_permissions', 'moderate_forum', 'manage_membergroups', 'manage_bans', 'send_mail', 'edit_news', 'manage_attachments', 'manage_smileys'));
	$context['allow_edit_profile'] = !$user_info['is_guest'] && allowedTo(array('profile_view_own', 'profile_view_any', 'profile_identity_own', 'profile_identity_any', 'profile_extra_own', 'profile_extra_any', 'profile_remove_own', 'profile_remove_any', 'moderate_forum', 'manage_membergroups'));]]></search>
	        <add><![CDATA[// Set up the menu privileges.
	$context['allow_search'] = allowedTo('search_posts');
	$context['allow_admin'] = allowedTo(array('admin_forum', 'manage_boards', 'manage_permissions', 'moderate_forum', 'manage_membergroups', 'manage_bans', 'send_mail', 'edit_news', 'manage_attachments', 'manage_smileys'));
	$context['usercp_enable'] = !$user_info['is_guest'] && $modSettings['usercp_enable'] && allowedTo(array('profile_view_own', 'profile_view_any', 'profile_identity_own', 'profile_identity_any', 'profile_extra_own', 'profile_extra_any', 'profile_remove_own', 'profile_remove_any', 'moderate_forum', 'manage_membergroups'));
  $context['allow_edit_profile'] = !$user_info['is_guest'] && !$modSettings['usercp_enable'] && allowedTo(array('profile_view_own', 'profile_view_any', 'profile_identity_own', 'profile_identity_any', 'profile_extra_own', 'profile_extra_any', 'profile_remove_own', 'profile_remove_any', 'moderate_forum', 'manage_membergroups'));]]></add>
  </operation>
  
   <operation>
      <search position="after"><![CDATA['pm' => array(]]></search>
	        <add><![CDATA[
	        'usercp' => array(
				'title' => $txt['usercp'],
				'href' => $scripturl . '?action=usercp',
				'show' => $context['usercp_enable'],
				'sub_buttons' => array(
				),
					),]]></add>
   </operation>
     
</file>

<file name="$sourcedir/Admin.php">
<operation>
	<search position="before"><![CDATA[	loadLanguage('Admin');]]></search>
<add><![CDATA[	
	loadLanguage('usercp');]]></add>
</operation>

			
<operation>
			<search position="after"><![CDATA[
						// Mod Authors for a "ADD AFTER" on this line. Ensure you end your change with a comma. For example:]]></search>
			<add><![CDATA[
						'usercp' => array($txt['usercp']),]]></add>
		</operation>
	</file>

	<file name="$sourcedir/ManageSettings.php">
		<operation>
			<search position="before"><![CDATA[
		// Mod authors, once again, if you have a whole section to add do it AFTER this line, and keep a comma at the end.]]></search>
			<add><![CDATA[
		'usercp' => 'ModifyUserCPSettings',]]></add>
		</operation>

		<operation>
			<search position="end" />
			<add><![CDATA[function ModifyUserCPSettings($return_config = false)
{
	global $txt, $scripturl, $context, $settings, $sc;

	$config_vars = array(
					 array('check', 'usercp_enable'),
           array('check', 'usercp_switchview'),
           array ('check', 'usercp_enablecontactadmin'),
           array('check', 'usercp_usepm'),
           array('text', 'usercp_adminid'),
           array('text', 'usercp_contact_email'),
            '',
           array ('check', 'usercp_enable_account'),
           array ('check', 'usercp_enable_layout'),
           array ('check', 'usercp_enable_theme'),
           array ('check', 'usercp_enable_profile'),
           array ('check', 'usercp_enable_stats'),
           array ('check', 'usercp_enable_contributions'),
           array ('check', 'usercp_enable_notifications'),
           array ('check', 'usercp_enable_buddies'),
           array ('check', 'usercp_enable_message_options'),
           array ('check', 'usercp_enable_search'),
           array ('check', 'usercp_enable_delete'),
           array ('check', 'usercp_enable_authentication'),
           array ('check', 'usercp_enable_group_membership'),
           array ('check', 'usercp_enable_ignore_boards'),
            '',
             array('text', 'usercp_field1image'),
             array('text', 'usercp_field1url'),
             array('text', 'usercp_field1maintext'),
             array('text', 'usercp_field1summary'),
             array('check', 'usercp_field1enable'),
             '',
             array('text', 'usercp_field2image'),
             array('text', 'usercp_field2url'),
             array('text', 'usercp_field2maintext'),
             array('text', 'usercp_field2summary'),
             array('check', 'usercp_field2enable'),
             '',
             array('text', 'usercp_field3image'),
             array('text', 'usercp_field3url'),
             array('text', 'usercp_field3maintext'),
             array('text', 'usercp_field3summary'),
             array('check', 'usercp_field3enable'),
             '',
             array('text', 'usercp_field4image'),
             array('text', 'usercp_field4url'),
             array('text', 'usercp_field4maintext'),
             array('text', 'usercp_field4summary'),
             array('check', 'usercp_field4enable'),
             '',
   
	);

	if ($return_config)
		return $config_vars;

	// Saving?
	if (isset($_GET['save']))
	{
		checkSession();

		saveDBSettings($config_vars);
		redirectexit('action=admin;area=modsettings;sa=usercp');
	}

	$context['post_url'] = $scripturl . '?action=admin;area=modsettings;save;sa=usercp';
	$context['settings_title'] = $txt['usercp'];

	prepareDBSettingContext($config_vars);
}]]></add>
		</operation>
	</file>

</modification>
