<?xml version="1.0"?>
<!DOCTYPE modification SYSTEM "http://www.simplemachines.org/xml/modification">
<modification xmlns="http://www.simplemachines.org/xml/modification" xmlns:smf="http://www.simplemachines.org/">
	<id>Nas:Enhanced_PM_Popup</id>
	<version>1.0.1</version>

	<!-- Template files -->	
	<file name="$themedir/index.template.php">	
		<operation>
			<search position="replace"><![CDATA[		var fPmPopup = function ()
		{
			if (confirm("' . $txt['show_personal_messages'] . '"))
				window.open(smf_prepareScriptUrl(smf_scripturl) + "action=pm");
		}]]></search>
			<add><![CDATA[		var fPmPopup = function ()
		{
			document.getElementById("pm_popup").style.display = \'block\';
		}
		function closefPmPopup()
		{	
			document.getElementById("pm_popup").style.display = \'none\';
		}]]></add>
		</operation>	
		<operation>
			<search position="replace"><![CDATA[echo !empty($settings['forum_width']) ? ']]></search>
			<add><![CDATA[	// If we have new PMs...
	if($context['show_pm_popup'])
		echo '
	<div id="pm_popup" class="windowbg">
	<h5 class="catbg">
		<span class="floatright"><a href="#" onclick="closefPmPopup()"><img src="', $settings['images_url'], '/icons/quick_remove.gif" alt="', $txt['pm_popup_close'], '" /></a></span>
		', $txt['pm_popup'], ' [', $context['user']['unread_messages'], ']
	</h5>
	<p class="content">
		', str_replace('\n', '<br />', $txt['show_personal_messages']), '<br /><br />
		<a href="', $scripturl, '?action=pm" target="_blank" onclick="closefPmPopup()"><img src="', $settings['images_url'], '/icons/package_installed.gif" alt="" /> ', $txt['yes'], '</a> &nbsp;&nbsp;&nbsp; <a href="#" onclick="closefPmPopup()"><img src="', $settings['images_url'], '/icons/package_old.gif" alt="" /> ', $txt['no'], '</a>
	</p>
	</div>';

	echo !empty($settings['forum_width']) ? ']]></add>
		</operation>		
	</file>	
	
	<!-- CSS files -->			
	<file name="$themedir/css/index.css">
		<operation>
			<search position="end" />
			<add><![CDATA[
/* Personal message popup */
#pm_popup
{
	display: none;
	width: 35%;
	position: fixed;
	top: 30%;
	left: 35%;
	border: 1px solid #696969;
	text-align: center;
	z-index: 2000;
}
#pm_popup h5
{
	margin: 0;
	padding: 5px;
	text-align: left;
}]]></add>
		</operation>
	</file>	

</modification>