<?xml version="1.0"?>
<!DOCTYPE modification SYSTEM "http://www.simplemachines.org/xml/modification">
<modification xmlns="http://www.simplemachines.org/xml/modification" xmlns:smf="http://www.simplemachines.org/">
	<id>Nas:Enhanced_PM_Popup</id>
	<version>1.0.1</version>

	<!-- Language files -->
	<!-- Start english language -->
	<file name="$languagedir/Modifications.english-utf8.php" error="skip">
		<operation>
			<search position="end" />
			<add><![CDATA[
			
$txt['pm_popup'] = 'You have new PMs';
$txt['pm_popup_close'] = 'Close';

]]></add>
		</operation>
	</file>	
	
	<!-- Start english_british language -->
	<file name="$languagedir/Modifications.english_british-utf8.php" error="skip">
		<operation>
			<search position="end" />
			<add><![CDATA[
			
$txt['pm_popup'] = 'You have new PMs';
$txt['pm_popup_close'] = 'Close';

]]></add>
		</operation>
	</file>	
	
	<!-- Start swedish language -->
	<file name="$languagedir/Modifications.swedish-utf8.php" error="skip">
		<operation>
			<search position="end" />
			<add><![CDATA[
			
$txt['pm_popup'] = 'Du har nya PM';
$txt['pm_popup_close'] = 'St&auml;ng';

]]></add>
		</operation>
	</file>	
	
	<!-- Start arabic language -->
    <file name="$languagedir/Modifications.arabic-utf8.php" error="skip">
        <operation>
            <search position="end" />
            <add><![CDATA[
           
$txt['pm_popup'] = 'لديك رسائل شخصية جديدة';
$txt['pm_popup_close'] = 'إغلاق';

]]></add>
        </operation>
    </file>
	
	<!-- Start romanian language -->
	<file name="$languagedir/Modifications.romanian-utf8.php" error="skip">
		<operation>
			<search position="end" />
			<add><![CDATA[
			
$txt['pm_popup'] = 'Ai primit un Mesaj Privat';
$txt['pm_popup_close'] = 'Inchide';

]]></add>
		</operation>
	</file>	
	
	<!-- Start spanish_latin language -->
	<file name="$languagedir/Modifications.spanish_latin-utf8.php" error="skip">
        <operation>
            <search position="end" />
            <add><![CDATA[
           
$txt['pm_popup'] = 'Tienes nuevos mensajes privados';
$txt['pm_popup_close'] = 'Cerrar';

]]></add>
        </operation>
    </file>

	<!-- Start spanish language -->
	<file name="$languagedir/Modifications.spanish-utf8.php" error="skip">
        <operation>
            <search position="end" />
            <add><![CDATA[
           
$txt['pm_popup'] = 'Tienes nuevos mensajes privados';
$txt['pm_popup_close'] = 'Cerrar';

]]></add>
        </operation>
    </file>
	
	<!-- Start french language -->
    <file name="$languagedir/Modifications.french-utf8.php" error="skip" error="skip">
        <operation>
            <search position="end" />
            <add><![CDATA[
            
$txt['pm_popup'] = 'Vous avez de nouveaux messages personnels';
$txt['pm_popup_close'] = 'Fermer';

]]></add>
        </operation>
    </file>
	
	<!-- Start portuguese_pt language -->
	<file name="$languagedir/Modifications.portuguese_pt-utf8.php" error="skip">
		<operation>
			<search position="end" />
			<add><![CDATA[
			
$txt['pm_popup'] = 'Voc&#234; tem novas Mensagens';
$txt['pm_popup_close'] = 'Fechar';

]]></add>
		</operation>
	</file>
	
	<!-- Start portuguese_brazilian language -->
	<file name="$languagedir/Modifications.portuguese_brazilian-utf8.php" error="skip">
		<operation>
			<search position="end" />
			<add><![CDATA[
			
$txt['pm_popup'] = 'Voc&#234; tem novas Mensagens';
$txt['pm_popup_close'] = 'Fechar';

]]></add>
		</operation>
	</file>	 
 	
</modification>