<?xml version="1.0"?>
<!DOCTYPE package-info SYSTEM "http://www.simplemachines.org/xml/package-info">
<package-info xmlns="http://www.simplemachines.org/xml/package-info" xmlns:smf="http://www.simplemachines.org/">
	<id>Nas:Enhanced_PM_Popup</id>
	<name>Enhanced PM Popup</name>
	<version>1.0.1</version>
	<type>modification</type>
	
	<install for="2.0-2.99.99">
		<readme type="file" parsebbc="true">readme.txt</readme>	
		<modification>install2.0.xml</modification>
		<modification>language.xml</modification>
		<modification>language-utf8.xml</modification>
	</install>
	
	<uninstall for="2.0-2.99.99">
		<readme type="inline">This will uninstall the Enhanced PM Popup mod. Thanks for using this customization.</readme>			
		<modification reverse="true">install2.0.xml</modification>	
		<modification reverse="true">language.xml</modification>
		<modification reverse="true">language-utf8.xml</modification>
	</uninstall>
	
</package-info>