<?xml version="1.0"?>
<!DOCTYPE modification SYSTEM "http://www.simplemachines.org/xml/modification">
<modification xmlns="http://www.simplemachines.org/xml/modification" xmlns:smf="http://www.simplemachines.org/">
	<id>tyty1234:disablesubjectchange</id>
	<version>2.0</version>
	
	<file name="$languagedir/Modifications.english.php">
		<operation>
			<search position="end" />
			<add><![CDATA[
// Disable Subject Change Mod
$txt['disableSubjectChange'] = 'Disable subject change when replying to topics';]]></add>
		</operation>
	</file>
	
	<file name="$languagedir/Help.english.php">
		<operation>
			<search position="before"><![CDATA[
$helptxt['disable_wysiwyg'] = 'This setting disallows all users from using the WYSIWYG (&quot;What You See Is What You Get&quot;) editor on the post page.';]]></search>
			<add><![CDATA[
$helptxt['disableSubjectChange'] = 'With this option enabled, members will no longer be able to change the subject of a topic when replying. Admins and moderators are exempt, meaning they still can modify the subject.';]]></add>
		</operation>
	</file>
	
</modification>