<?xml version="1.0" ?>
<!DOCTYPE modification SYSTEM "http://www.simplemachines.org/xml/modification">
<modification xmlns="http://www.simplemachines.org/xml/modification" xmlns:smf="http://www.simplemachines.org/">
	<id>tyty1234:disableSubjectChange</id>
	<version>2.0</version>	
	
	<file name="$themedir/Display.template.php">
		<operation>
			<search position="replace"><![CDATA[
								</div>'), ',]]></search>
			<add><![CDATA[
								</div>'), ',';]]></add>
		</operation>
		<operation>
			<search position="replace"><![CDATA[
							sTemplateSubjectEdit: ', JavaScriptEscape('<input type="text" style="width: 90%;" name="subject" value="%subject%" size="80" maxlength="80" tabindex="' . $context['tabindex']++ . '" class="input_text" />'), ',]]></search>
			<add><![CDATA[
	
	// Disable Subject Change Mod.
	if (isset($modSettings['disableSubjectChange']))
	{
		// Check for admin, moderator and first post. Show subject textbox, otherwise, we just won't have it.
		if ($modSettings['disableSubjectChange'] == 0 || ($context['user']['is_admin'] || $context['user']['can_mod']))
			echo '
							sTemplateSubjectEdit: ', JavaScriptEscape('<input type="text" style="width: 90%;" name="subject" value="%subject%" size="80" maxlength="80" tabindex="' . $context['tabindex']++ . '" class="input_text" />'), ',';
	}
]]></add>
		</operation>
		<operation>
			<search position="replace"><![CDATA[
							sTemplateBodyNormal: ', JavaScriptEscape('%body%'), ',]]></search>
			<add><![CDATA[
	echo '
							sTemplateBodyNormal: ', JavaScriptEscape('%body%'), ',]]></add>
		</operation>
	</file>
	
	<file name="$themedir/Post.template.php">
		<operation>
			<search position="replace"><![CDATA[
							<span', isset($context['post_error']['no_subject']) ? ' class="error"' : '', ' id="caption_subject">', $txt['subject'], ':</span>
						</dt>
						<dd>]]></search>
			<add><![CDATA[
							<span', isset($context['post_error']['no_subject']) ? ' class="error"' : '', ' id="caption_subject">', $txt['subject'], ':</span>
						</dt>
						<dd>';]]></add>
		</operation>
		<operation>
			<search position="replace"><![CDATA[
							<input type="text" name="subject"', $context['subject'] == '' ? '' : ' value="' . $context['subject'] . '"', ' tabindex="', $context['tabindex']++, '" size="80" maxlength="80" class="input_text" />]]></search>
			<add><![CDATA[
			
	// Disable Subject Change Mod.
	if (isset($modSettings['disableSubjectChange']))
	{
		// Check for admin, moderator and first post. Show subject textbox.
		if ($modSettings['disableSubjectChange'] == 0 || ($context['is_first_post'] || $context['user']['is_admin'] || $context['user']['can_mod']))
			echo '
							<input type="text" name="subject"', $context['subject'] == '' ? '' : ' value="' . $context['subject'] . '"', ' tabindex="', $context['tabindex']++, '" size="80" maxlength="80" class="input_text" />';
		// User is a...user. Disable subject textbox and show the subject only.
		else
			echo '
							', $context['subject'] == '' ? '(No Subject)' : $context['subject'], ' <input type="hidden" name="subject"', $context['subject'] == '' ? '' : ' value="' . $context['subject'] . '"', ' tabindex="', $context['tabindex']++, '" size="80" maxlength="80" class="input_text" />';
	}
]]></add>
		</operation>
		<operation>
			<search position="replace"><![CDATA[
						</dd>
						<dt class="clear_left">
							', $txt['message_icon'], ':
						</dt>]]></search>
			<add><![CDATA[
	echo '
						</dd>
						<dt class="clear_left">
							', $txt['message_icon'], ':
						</dt>]]></add>
		</operation>
	</file>

</modification>