<?xml version="1.0" ?>
<!DOCTYPE modification SYSTEM "http://www.simplemachines.org/xml/modification">
<modification xmlns="http://www.simplemachines.org/xml/modification" xmlns:smf="http://www.simplemachines.org/">
	<id>tyty1234:disableSubjectChange</id>
	<version>2.0</version>
	
	<file name="$sourcedir/ManagePosts.php">
		<operation>
			<search position="before"><![CDATA[
			array('check', 'disable_wysiwyg'),]]></search>
			<add><![CDATA[
			array('check', 'disableSubjectChange'),]]></add>
		</operation>
	</file>
	
</modification>