<?xml version="1.0"?>
<!DOCTYPE package-info SYSTEM "http://www.simplemachines.org/xml/package-info">
<package-info xmlns="http://www.simplemachines.org/xml/package-info" xmlns:smf="http://www.simplemachines.org/">
	<id>tyty1234:disablesubjectchange</id>
	<name>Disable Subject Change</name>
	<version>2.0</version>
	<type>modification</type>
	
	<install for="2.0">
		<readme parsebbc="true">readme.txt</readme>
		<database type="file">db_settings.php</database>
		<modification format="xml" type="file">install-sources.xml</modification>
		<modification format="xml" type="file">install-templates.xml</modification>
		<modification format="xml" type="file">install-languages.xml</modification>
	</install>
	
	<uninstall for="2.0">
		<database type="file">db_settings.php</database>
		<modification format="xml" type="file" reverse="true">install-sources.xml</modification>
		<modification format="xml" type="file" reverse="true">install-templates.xml</modification>
		<modification format="xml" type="file" reverse="true">install-languages.xml</modification>
	</uninstall>

</package-info>