<?xml version="1.0"?>
<!DOCTYPE modification SYSTEM "http://www.simplemachines.org/xml/modification">
<modification xmlns="http://www.simplemachines.org/xml/modification" xmlns:smf="http://www.simplemachines.org/">
	<id>Arantor:Images_on_Printpage</id>
	<version>1.0</version>

	<file name="$themedir/Printpage.template.php">
		<operation><!-- add something to cloak our div from being printed! -->
			<search position="after"><![CDATA[		</style>]]></search>
			<add><![CDATA[			@media print
			{
				.print_opts
				{
					display:none;
				}
			}
			@media screen
			{
				.print_opts
				{
					margin:1em;
				}
			}
]]></add>
		</operation>
		<operation>
			<search position="after"><![CDATA[<br /><br />]]></search>
			<add><![CDATA[
					<div class="print_opts">';

		global $topic, $txt, $scripturl;

		$url_textonly = $scripturl . '?action=printpage;topic=' . $topic . '.0';
		$url_images = $url_textonly . ';images';
		if (isset($_GET['images']))
			echo '
						<a href="', $url_textonly, '">', $txt['print_textonly'], '</a> | <strong><a href="', $url_images, '">', $txt['print_withimages'], '</a></strong>';
		else
			echo '
						<strong><a href="', $url_textonly, '">', $txt['print_textonly'], '</a></strong> | <a href="', $url_images, '">', $txt['print_withimages'], '</a>';

			echo '
					</div>]]></add>
		</operation>
	</file>
</modification>