<?xml version="1.0"?>
<!DOCTYPE modification SYSTEM "http://www.simplemachines.org/xml/modification">
<modification xmlns="http://www.simplemachines.org/xml/modification" xmlns:smf="http://www.simplemachines.org/">
	<id>Arantor:Images_on_Printpage</id>
	<version>1.0</version>

	<file name="$themedir/Printpage.template.php">
		<operation><!-- add something to cloak our div from being printed! -->
			<search position="after"><![CDATA[		</style>]]></search>
			<add><![CDATA[			@media print
			{
				.print_opts
				{
					display:none;
				}
			}
			@media screen
			{
				.print_opts
				{
					margin:1em;
				}
			}
]]></add>
		</operation>
		
		<operation>
			<search position="before"><![CDATA[	</head>
	<body>]]></search>
			<add><![CDATA[';
	echo'
		<div class="print_opts">';

		global $topic, $scripturl;

		$url_textonly = $scripturl . '?action=printpage;topic=' . $topic . '.0';
		$url_images = $url_textonly . ';images';
		if (isset($_REQUEST['images']))
			echo '
			<a href="', $url_textonly, '">', $txt['print_textonly'], '</a> | <strong><a href="', $url_images, '">', $txt['print_withimages'], '</a></strong>';
		else
			echo '
			<strong><a href="', $url_textonly, '">', $txt['print_textonly'], '</a></strong> | <a href="', $url_images, '">', $txt['print_withimages'], '</a>';

	echo '
		</div>]]></add>
		</operation>
		
		<operation>
			<search position="before"><![CDATA[</dl>]]></search>
			<add><![CDATA[
		<div class="print_opts">';

		global $topic, $txt, $scripturl;

		$url_textonly = $scripturl . '?action=printpage;topic=' . $topic . '.0';
		$url_images = $url_textonly . ';images';
		if (isset($_REQUEST['images']))
			echo '
			<a href="', $url_textonly, '">', $txt['print_textonly'], '</a> | <strong><a href="', $url_images, '">', $txt['print_withimages'], '</a></strong>';
		else
			echo '
			<strong><a href="', $url_textonly, '">', $txt['print_textonly'], '</a></strong> | <a href="', $url_images, '">', $txt['print_withimages'], '</a>';

			echo '
		</div>]]></add>
		</operation>
		
		<operation>
			<search position="replace"><![CDATA[	global $context, $settings, $options, $txt;

	foreach ($context['posts'] as $post)
		echo '
			<dt class="postheader">
				', $txt['title'], ': <strong>', $post['subject'], '</strong><br />
				', $txt['post_by'], ': <strong>', $post['member'], '</strong> ', $txt['search_on'], ' <strong>', $post['time'], '</strong>
			</dt>
			<dd class="postbody">
				', $post['body'], '
			</dd>';]]></search>
			<add><![CDATA[	global $context, $settings, $options, $txt, $scripturl;

	foreach ($context['posts'] as $post)
	{
		echo '
			<dt class="postheader">
				', $txt['title'], ': <strong>', $post['subject'], '</strong><br />
				', $txt['post_by'], ': <strong>', $post['member'], '</strong> ', $txt['search_on'], ' <strong>', $post['time'], '</strong>
			</dt>
			<dd class="postbody">
				', $post['body'];
			
		// Show attachment images
		if (isset($_REQUEST['images']) && !empty($context['printattach'][$post['id_msg']]))
		{
			echo '<br /><hr />';
			foreach ($context['printattach'][$post['id_msg']] as $attach)
				echo '
					<img width="' . $attach['width'] . '" height="' . $attach['height'] . '" alt="" src="', $scripturl . '?action=dlattach;topic=' . $post['topic'] . '.0;attach=' . $attach['id_attach'] . '" />';
		}
		echo '
			</dd>';
	}]]></add>
		</operation>
		
	</file>
	
	<file name="$sourcedir/Printpage.php">
		<operation>
			<search position="before"><![CDATA[	$context['posts'] = array();]]></search>
			<add><![CDATA[
	$messages = array();]]></add>
		</operation>
		
		<operation>
			<search position="replace"><![CDATA[		SELECT subject, poster_time, body, IFNULL(mem.real_name, poster_name) AS poster_name
]]></search>
			<add><![CDATA[		SELECT subject, poster_time, body, IFNULL(mem.real_name, poster_name) AS poster_name, id_msg
]]></add>
		</operation>
	
		<operation>
			<search position="replace"><![CDATA[			'time' => timeformat($row['poster_time'], false),
			'timestamp' => forum_time(true, $row['poster_time']),
			'body' => parse_bbc($row['body'], 'print'),
		);

		if (!isset($context['topic_subject']))
			$context['topic_subject'] = $row['subject'];
	}
	$smcFunc['db_free_result']($request);]]></search>
	
			<add><![CDATA[			'time' => timeformat($row['poster_time'], false),
			'timestamp' => forum_time(true, $row['poster_time']),
			'body' => parse_bbc($row['body'], 'print'),
			'id_msg' => $row['id_msg'],
			'topic' => $topic,
		);
		$messages[] = $row['id_msg'];

		if (!isset($context['topic_subject']))
			$context['topic_subject'] = $row['subject'];
	}
	$smcFunc['db_free_result']($request);
	
	// Fetch attachments so we can print them if asked
	if (!empty($modSettings['attachmentEnable']) && allowedTo('view_attachments'))
	{
		// build the request
		$request = $smcFunc['db_query']('', '
			SELECT
				a.id_attach, a.id_msg, a.approved, a.width, a.height 
			FROM {db_prefix}attachments AS a
			WHERE a.id_msg IN ({array_int:message_list})
				AND a.attachment_type = {int:attachment_type}',
			array(
				'message_list' => $messages,
				'attachment_type' => 0,
				'is_approved' => 1,
			)
		);
		$temp = array();
		while ($row = $smcFunc['db_fetch_assoc']($request))
		{
			$temp[$row['id_attach']] = $row;
			if (!isset($context['printattach'][$row['id_msg']]))
				$context['printattach'][$row['id_msg']] = array();
		}
		$smcFunc['db_free_result']($request);
		ksort($temp);

		// load them into $context so we can use them
		foreach ($temp as $row)
		{
			// fix the image sizes if needed
			if (!empty($modSettings['max_image_width']) && (empty($modSettings['max_image_height']) || $row['height'] * ($modSettings['max_image_width'] / $row['width']) <= $modSettings['max_image_height']))
			{
				if ($row['width'] > $modSettings['max_image_width']) 
				{
					$row['height'] = floor($row['height'] * ($modSettings['max_image_width'] / $row['width']));
					$row['width'] = $modSettings['max_image_width'];
				}
			}
			elseif (!empty($modSettings['max_image_width']))
			{
				if ($row['height'] > $modSettings['max_image_height']) 
				{
					$row['width'] = floor($row['width'] * ($modSettings['max_image_height'] / $row['height']));
					$row['height'] = $modSettings['max_image_height'];
				}
			}
			
			// save for the template
			$context['printattach'][$row['id_msg']][] = $row;
		}
	}]]></add>
		</operation>
	</file>

</modification>