<?xml version="1.0"?>
<!DOCTYPE modification SYSTEM "http://www.simplemachines.org/xml/modification">
<modification xmlns="http://www.simplemachines.org/xml/modification" xmlns:smf="http://www.simplemachines.org/">
	<id>Arantor:Images_on_Printpage</id>
	<version>1.0</version>

	<file name="$languagedir/Modifications.english.php">
		<operation>
			<search position="end" />
			<add><![CDATA[
$txt['print_textonly'] = 'Text only';
$txt['print_withimages'] = 'With Images';
]]></add>
		</operation>
	</file>
	
	<file name="$languagedir/Modifications.english_british.php" error="skip">
		<operation>
			<search position="end" />
			<add><![CDATA[
$txt['print_textonly'] = 'Text only';
$txt['print_withimages'] = 'With Images';
]]></add>
		</operation>
	</file>

	<file name="$languagedir/Modifications.italian.php" error="skip">
		<operation>
			<search position="end" />
			<add><![CDATA[
$txt['print_textonly'] = 'Solo testo';
$txt['print_withimages'] = 'Con immagini';
]]></add>
		</operation>
	</file>
	
	<file name="$languagedir/Modifications.portuguese_pt.php" error="skip">
		<operation>
			<search position="end" />
			<add><![CDATA[
$txt['print_textonly'] = 'Apenas Texto';
$txt['print_withimages'] = 'Com imagens';
]]></add>
		</operation>
	</file>
	
	<file name="$languagedir/Modifications.portuguese_brazilian.php" error="skip">
		<operation>
			<search position="end" />
			<add><![CDATA[
$txt['print_textonly'] = 'Apenas Texto';
$txt['print_withimages'] = 'Com imagens';
]]></add>
		</operation>
	</file>
	
	<file name="$languagedir/Modifications.spanish_es.php" error="skip">
		<operation>
			<search position="end" />
			<add><![CDATA[
$txt['print_textonly'] = 'S&oacute;lo texto';
$txt['print_withimages'] = 'Con im&aacute;genes';
]]></add>
		</operation>
	</file>
	
</modification>