<?xml version="1.0"?>
<!DOCTYPE package-info SYSTEM "http://www.simplemachines.org/xml/package-info">
<package-info xmlns="http://www.simplemachines.org/xml/package-info" xmlns:smf="http://www.simplemachines.org/">
	<id>Arantor:Images_on_Printpage</id>
	<name>Images on Print Page</name>
	<version>1.1</version>
	<type>modification</type>

	<install for="2.0 RC5, 2.0 - 2.0.99">
		<readme type="file" parsebbc="true">readme-english.txt</readme>
		<modification type="file">install20.xml</modification>
		<modification type="file">language.xml</modification>
		<modification type="file">language-utf8.xml</modification>
	</install>
	
	<uninstall for="2.0 RC5, 2.0 - 2.0.99">
		<modification type="file" reverse="true">install20.xml</modification>
		<modification type="file" reverse="true">language.xml</modification>
		<modification type="file" reverse="true">language-utf8.xml</modification>
	</uninstall>
	
	<install for="1.1.11 - 1.1.99">
		<readme type="file" parsebbc="true">readme-english.txt</readme>
		<modification type="file">install11.xml</modification>
		<modification type="file">language.xml</modification>
		<modification type="file">language-utf8.xml</modification>
	</install>
	
	<uninstall for="1.1.11 - 1.1.99">>
		<modification type="file" reverse="true">install11.xml</modification>
		<modification type="file" reverse="true">language.xml</modification>
		<modification type="file" reverse="true">language-utf8.xml</modification>
	</uninstall>

</package-info>