<?xml version="1.0"?>
<?xml-stylesheet href="modification.xsl" type="text/xsl"?>
<!DOCTYPE modification SYSTEM "http://www.simplemachines.org/xml/modification">
<!-- - - - - - - - - - - - - - - - - - - - - - - - - - - - - - - - - - - - - - -

	ATTENTION: If you are trying to install this manually, you should try
	the package manager.  If it will not work for you, please take a look
	at the following for information on this format:
		http://mods.simplemachines.org/docs/manual-install.php

================================================================================

	Modification files can be used to modify files so that they do what
	your package needs them to do to work properly.

 - - - - - - - - - - - - - - - - - - - - - - - - - - - - - - - - - - - - - - -->

<modification xmlns="http://www.simplemachines.org/xml/modification" xmlns:smf="http://www.simplemachines.org/">
	<!-- This information needs to be the same as that in the package-info.xml. -->
	<id>Niko:SMFTorrent</id>
	<version>0.1</version>

	<file name="$boarddir/index.php">
		<operation>
			<search position="before"><![CDATA[require_once($sourcedir . '/Security.php');]]></search>
			<add><![CDATA[
require_once($sourcedir . '/Subs-Tracker.php');]]></add>
		</operation>

		<operation>
			<search position="before"><![CDATA[		'announce' => array('Post.php', 'AnnounceTopic'),]]></search>
			<add><![CDATA[
		'tracker' => array('Tracker.php', 'TrackerMain'),]]></add>
		</operation>
	</file>
	
	<file name="$boarddir/index.php">
		<operation>
			<search position="before"><![CDATA[require_once($sourcedir . '/Security.php');]]></search>
			<add><![CDATA[
require_once($sourcedir . '/Subs-Tracker.php');]]></add>
		</operation>
	</file>

	<file name="$sourcedir/Load.php">
		<operation>
			<search position="before"><![CDATA[		'warning' => isset($user_settings['warning']) ? $user_settings['warning'] : 0,
		'permissions' => array(),]]></search>
			<add><![CDATA[
		'passkey' => empty($user_settings['passkey']) ? '' : $user_settings['passkey'],
		'downloaded' => empty($user_settings['downloaded']) ? '' : size_readable($user_settings['downloaded']),
		'uploaded' => empty($user_settings['uploaded']) ? '' : size_readable($user_settings['uploaded']),
		'ratio' => !isset($user_settings['downloaded']) || !isset($user_settings['uploaded'])  ? '' : ratioColor($user_settings['uploaded'], $user_settings['downloaded']),
		'active' => !isset($user_settings['active_leechers']) || !isset($user_settings['active_seeders'])  ? array(0, 0) : array($user_settings['active_leechers'], $user_settings['active_seeders']),
]]></add>
		</operation>

		<operation>
			<search position="before"><![CDATA[			mem.buddy_list, mg.online_color AS member_group_color, IFNULL(mg.group_name, {string:blank_string}) AS member_group,]]></search>
			<add><![CDATA[ mem.active_seeders, mem.active_leechers, mem.downloaded, mem.uploaded, mem.dlrate_max, mem.ulrate_max,]]></add>
		</operation>

		<operation>
			<search position="before"><![CDATA[			pg.online_color AS post_group_color, IFNULL(pg.group_name, {string:blank_string}) AS post_group, mem.ignore_boards, mem.warning,]]></search>
			<add><![CDATA[
			mem.active_seeders, mem.active_leechers, mem.downloaded, mem.uploaded, mem.dlrate_max, mem.ulrate_max,

]]></add>
		</operation>

		<operation>
			<search position="before"><![CDATA[		'local_time' => timeformat(time() + ($profile['time_offset'] - $user_info['time_offset']) * 3600, false),]]></search>
			<add><![CDATA[
		'downloaded' => !empty($profile['downloaded']) ? size_readable($profile['downloaded']) : '',
		'uploaded' => !empty($profile['uploaded']) ? size_readable($profile['uploaded']) : '',
		'dlrate_max' => !empty($profile['dlrate_max']) ? size_readable($profile['dlrate_max']) . '/s' : '',
		'ulrate_max' => !empty($profile['ulrate_max']) ? size_readable($profile['ulrate_max']) . '/s' : '',
		'ratio' => !empty($profile['downloaded']) || !empty($profile['uploaded']) ? ratioColor($profile['uploaded'], $profile['downloaded']) : '---',
		'active' => !empty($profile['active_leechers']) || !empty($profile['active_seeders']) ? array($profile['active_leechers'], $profile['active_seeders']) : array(0, 0),		]]></add>
		</operation>
		
		<operation>
			<search position="before"><![CDATA[$id_member = !empty($id_member) && strlen($password) == 40 && $login_span > time() ? (int) $id_member : 0;
	}
]]></search>
			<add><![CDATA[	// Detect user for tracker / download torrent pages by passkey (if it's enabled)
	elseif ((defined('IN_TRACKER') && IN_TRACKER == true) || (isset($_REQUEST['action']) && $_REQUEST['action'] == 'tracker' && isset($_REQUEST['sa']) && $_REQUEST['sa'] == 'download'))
	{
		if (!empty($modSettings['enablePasskey']) && isset($_REQUEST['p']))
			$id_member = getUserByPasskey($_REQUEST['p']);
		else
			$id_member = getUserByIP();
			
		if (!empty($id_member))
			$already_verified = true;
	}]]></add>
		</operation>
	</file>

	<file name="$sourcedir/Subs.php">
		<operation>
			<search position="after"><![CDATA[			array(
				'tag' => 'white',]]></search>
			<add><![CDATA[			array(
				'tag' => 'torrent',
				'type' => 'unparsed_content',
				'content' => '$1',
				'validate' => create_function('&$tag, &$data, $disabled', '
					global $scripturl, $txt, $smcFunc, $sourcedir, $modSettings;

					if (empty($modSettings[\'enableTracker\']))
					{
						$tag[\'content\'] = \'[torrent]$1[/torrent]\';

						return;
					}

					$tmp = explode(\',\', $data);
					$torrents = array();

					foreach ($tmp as $num)
						$torrents[] = (int) trim($num);
					$torrents = array_unique($torrents);
					unset($tmp);

					if (!empty($torrents))
					{
						require_once($sourcedir . \'/Subs-Tracker.php\');

						$request = $smcFunc[\'db_query\'](\'\', \'
							SELECT
								t.id_torrent, t.name, t.torrentname, t.filesize,
								t.files, t.added, t.seeders, t.leechers,
								t.transfer, t.downloads
							FROM {db_prefix}tracker_torrents AS t
							WHERE id_torrent IN({array_int:torrent})
								AND t.is_disabled = 0\',
							array(
								\'torrent\' => $torrents,
							)
						);

						if ($smcFunc[\'db_num_rows\']($request) == 0)
						{
							$tag[\'content\'] = \'[torrent]$1[/torrent]\';
							$smcFunc[\'db_free_result\']($request);

							return;
						}

						$data = \'\';

						while ($row = $smcFunc[\'db_fetch_assoc\']($request))
						{
							if (!empty($data))
								$data .= \'<br />\';
							$data .= \'<a href="\' . getDownloadURL($row[\'id_torrent\']) . \'">\' . $row[\'name\'] . \'</a> - \' . size_readable($row[\'filesize\']) . \' - \' . $row[\'seeders\'] . \' \' . $txt[\'torrent_ib_seeds\'] . \', \' . $row[\'leechers\'] . \' \' . $txt[\'torrent_ib_leechs\'] . \' - \' . size_readable($row[\'transfer\']) . \' \' . $txt[\'torrent_ib_transfer\'] . \', \' . $row[\'downloads\'] . \' \' . $txt[\'torrent_ib_downloads\'] . \' - <a href="\' . $scripturl . \'?action=tracker;torrent=\' . $row[\'id_torrent\'] . \'">\' . $txt[\'torrent_ib_details\'] . \'</a>\';
						}

						$smcFunc[\'db_free_result\']($request);
					}
					else
						$tag[\'content\'] = \'[torrent]$1[/torrent]\';
				'),
			),]]></add>
		</operation>
	</file>

	<file name="$sourcedir/Post.php">
		<operation>
			<search position="before"><![CDATA[		$attachIDs = array();]]></search>
			<add><![CDATA[
		$torrents = array();]]></add>
		</operation>

		<operation>
			<search position="replace"><![CDATA[			if (createAttachment($attachmentOptions))]]></search>
			<add><![CDATA[
			if (basename($_FILES['attachment']['name'][$n], '.torrent') . '.torrent' == $_FILES['attachment']['name'][$n] && allowedTo('tracker_upload'))
			{
				require_once($sourcedir . '/Subs-Tracker.php');
				loadClassFile('BEncode.php');

				$temp_name = $modSettings['torrentDirectory'] . '/' . sha1($_FILES['attachment']['name'][$n]);

				if (file_exists($temp_name))
					@unlink($temp_name);

				if (move_uploaded_file($_FILES['attachment']['tmp_name'][$n], $temp_name))
				{
					$id_torrent = createTorrent(file_get_contents($temp_name), array());
					@unlink($temp_name);

					if ($id_torrent !== false)
						$torrents[] = $id_torrent;
				}
			}
			elseif (createAttachment($attachmentOptions))]]></add>
		</operation>

		<operation>
			<search position="after"><![CDATA[
	// Make the poll...
	if (isset($_REQUEST['poll']))
	{
		// Create the poll.]]></search>
			<add><![CDATA[
	// Make the poll...
	if (!empty($torrents))
		$_POST['message'] .= '<br /><br />[torrent]' . implode(',', $torrents) . '[/torrent]';]]></add>
		</operation>
	</file>

	<file name="$sourcedir/ManagePermissions.php">
		<operation>
			<search position="before"><![CDATA[			'profile_remote_avatar' => array(false, 'profile', 'use_avatar'),]]></search>
			<add><![CDATA[
			'tracker_view' => array(false, 'tracker', 'tracker'),
			'tracker_edit' => array(true, 'tracker', 'tracker'),
			'tracker_delete' => array(true, 'tracker', 'tracker'),
			'tracker_download' => array(false, 'tracker', 'tracker'),
			'tracker_upload' => array(false, 'tracker', 'tracker'),
			'tracker_admin' => array(false, 'tracker', 'administrate'),
			'tracker_view_stats' => array(true, 'tracker', 'tracker'),]]></add>
		</operation>

		<operation>
			<search position="before"><![CDATA[	$context['non_guest_permissions'] = array(]]></search>
			<add><![CDATA[
		'tracker_upload',
		'tracker_admin',]]></add>
		</operation>
	</file>

	<file name="$sourcedir/Admin.php">
		<operation>
			<search position="after"><![CDATA[		'members' => array(]]></search>
			<add><![CDATA[
		'tracker' => array(
			'title' => $txt['tracker_admin'],
			'permission' => array('tracker_admin'),
			'areas' => array(
				'trackersettings' => array(
					'label' => $txt['tracker_settings'],
					'file' => 'TrackerAdmin.php',
					'function' => 'TrackerAdmin',
					'permission' => array('tracker_admin'),
					'subsections' => array(
					),
				),
			),
		),]]></add>
		</operation>

		<operation>
			<search position="before"><![CDATA[	$language_files = array(]]></search>
			<add><![CDATA[
	'Tracker', ]]></add>
		</operation>

		<operation>
			<search position="before"><![CDATA[	$include_files = array(]]></search>
			<add><![CDATA[
	'TrackerAdmin', ]]></add>
		</operation>

		<operation>
			<search position="before"><![CDATA[		array('ModifyCacheSettings', 'area=serversettings;sa=cache'),]]></search>
			<add><![CDATA[		array('TrackerAdminSettings', 'area=trackersettings'),]]></add>
		</operation>
	</file>
	
	<file name="$sourcedir/QueryString.php">
		<operation>
			<search position="after"><![CDATA[	// Makes it easier to refer to things this way.]]></search>
			<add><![CDATA[	if (defined('SMF_TORRENT_SKIP_QS'))
		return;
]]></add>
		</operation>
		
	</file>

	<file name="$sourcedir/Profile.php">
		<operation>
			<search position="after"><![CDATA[				'showposts' => array(]]></search>
			<add><![CDATA[
				'trackerStats' => array(
					'label' => $txt['trackerStats'],
					'file' => 'Tracker.php',
					'function' => 'trackerStats',
					'enabled' => !empty($modSettings['enableTracker']),
					'permission' => array(
						'own' => array('tracker_view_stats_own', 'tracker_view_stats_any'),
						'any' => array('tracker_view_stats_any'),
					),
				),
			]]></add>
  </operation>
	</file>
</modification>