<?xml version="1.0"?>
<?xml-stylesheet href="package-info.xsl" type="text/xsl"?>
<!DOCTYPE package-info SYSTEM "http://www.simplemachines.org/xml/package-info">
<!-- - - - - - - - - - - - - - - - - - - - - - - - - - - - - - - - - - - - - - -
	ATTENTION: If you are trying to install this manually, you should try
	the package manager.  If it will not work for you, please take a look
	at the following for information on this format:
		http://mods.simplemachines.org/docs/manual-install.php

================================================================================

	This script can be used to make your package do many different things.
	The following documentation should be available on the format of this
	file and the things you can do with it:
		http://mods.simplemachines.org/docs/package-info.php

 - - - - - - - - - - - - - - - - - - - - - - - - - - - - - - - - - - - - - - -->

<package-info xmlns="http://www.simplemachines.org/xml/package-info" xmlns:smf="http://www.simplemachines.org/">
	<id>Niko:SMFTorrent</id>
	<name>SMF Torrent</name>
	<version>0.1</version>
	<type>modification</type>

	<install>
		<require-file name="Sources/TorrentDatabase.php" destination="$sourcedir" />
		<database>installDatabase.php</database>

		<require-file name="announce.php" destination="$boarddir" />
		<require-file name="scrape.php" destination="$boarddir" />

		<!-- These files goes to Sources directory -->
		<require-file name="Sources/Announce.php" destination="$sourcedir" />
		<require-file name="Sources/BEncode.php" destination="$sourcedir" />
		<require-file name="Sources/Scrape.php" destination="$sourcedir" />
		<require-file name="Sources/Subs-Tracker.php" destination="$sourcedir" />
		<require-file name="Sources/Tracker.php" destination="$sourcedir" />
		<require-file name="Sources/TrackerAdmin.php" destination="$sourcedir" />

		<require-file name="Themes/default/Tracker.template.php" destination="$themedir" />
		<require-file name="Themes/default/css/tracker.css" destination="$themedir/css" />

		<require-file name="Themes/default/languages/Tracker.english.php" destination="$languagedir" />

		<!-- Create Torrent directory -->
		<create-dir name="Torrent" destination="$boarddir" />

		<modification format="xml" type="file">install.xml</modification>
		<modification format="xml" type="file">language.xml</modification>

	</install>

	<uninstall>
		<!-- Remove code modifications -->
		<modification format="xml" type="file" reverse="true">install.xml</modification>
		<modification format="xml" type="file" reverse="true">language.xml</modification>

		<remove-file name="$boarddir/announce.php" />
		<remove-file name="$boarddir/scrape.php" />

		<!-- Remove these files from Sources -->
		<remove-file name="$sourcedir/Announce.php" />
		<remove-file name="$sourcedir/BEncode.php" />
		<remove-file name="$sourcedir/Scrape.php" />
		<remove-file name="$sourcedir/Subs-Tracker.php" />
		<remove-file name="$sourcedir/Tracker.php" />
		<remove-file name="$sourcedir/TrackerAdmin.php" />

		<!-- Remove themes -->
		<remove-file name="$themedir/Tracker.template.php" />
		<remove-file name="$themedir/css/tracker.css" />

		<remove-file name="$languagedir/Tracker.english.php" />

	</uninstall>

</package-info>