<?xml version="1.0"?>
<!DOCTYPE modification SYSTEM "http://www.simplemachines.org/xml/modification">
<modification xmlns="http://www.simplemachines.org/xml/modification" xmlns:smf="http://www.simplemachines.org/">
	<id>Bugo:NicknameToReply</id>

	<file name="$languagedir/Modifications.english-utf8.php" error="skip">
		<operation>
			<search position="end" />
			<add><![CDATA[
// Nickname To Reply
$txt['nickname'] = 'Nickname to Reply';
$txt['nickname_hint'] = 'Insert nickname to the Quick Reply';
]]></add>
		</operation>
	</file>
	
	<file name="$languagedir/Modifications.russian-utf8.php" error="skip">
		<operation>
			<search position="end" />
			<add><![CDATA[
// Nickname To Reply
$txt['nickname'] = 'Ник в ответ';
$txt['nickname_hint'] = 'Вставить ник в форму быстрого ответа';
]]></add>
		</operation>
	</file>

</modification>