<?xml version="1.0"?>
<!DOCTYPE package-info SYSTEM "http://www.simplemachines.org/xml/package-info">
<package-info xmlns="http://www.simplemachines.org/xml/package-info" xmlns:smf="http://www.simplemachines.org/">
	<id>Bugo:NicknameToReply</id>
	<name>Nickname to Reply</name>
	<version>0.7</version>
	<type>modification</type>
	
	<install for="2.0 - 2.0.99">
		<readme parsebbc="true" lang="russian-utf8">russian-utf8.txt</readme>
		<readme parsebbc="true" lang="russian">russian.txt</readme>
		<readme parsebbc="true">readme.txt</readme>
		<modification>languages.xml</modification>
		<modification>languages-utf8.xml</modification>
		<modification>install.xml</modification>
	</install>
	
	<uninstall for="2.0 - 2.0.99">
		<modification reverse="true">install.xml</modification>
		<modification reverse="true">languages.xml</modification>
		<modification reverse="true">languages-utf8.xml</modification>
		<redirect url="?action=admin;area=packages;sa=browse" timeout="1000" />
	</uninstall>
	
</package-info>