<?xml version="1.0"?>
<!DOCTYPE modification SYSTEM "http://www.simplemachines.org/xml/modification">
<modification xmlns="http://www.simplemachines.org/xml/modification" xmlns:smf="http://www.simplemachines.org/">
	<id>grafitus:CSS_Message_Boxes</id>
	<version>1.0</version>
	<file name="$languagedir/Modifications.english.php">
		<operation>
			<search position="end" />
			<add><![CDATA[$txt['error_bbc'] = 'Add Error Box';
$txt['warning_bbc'] = 'Add Warning Box';
$txt['okay_bbc'] = 'Add Okay Box';
$txt['info_bbc'] = 'Add Info Box';]]></add>
		</operation>
	</file>
	<file name="$languagedir/Modifications.turkish.php" error="skip">
		<operation>
			<search position="end" />
			<add><![CDATA[$txt['error_bbc'] = 'Hata Kutusu Ekle';
$txt['warning_bbc'] = 'İkaz Kutusu Ekle';
$txt['okay_bbc'] = 'Onay Kutusu Ekle';
$txt['info_bbc'] = 'Bilgilendirme Kutusu Ekle';]]></add>
		</operation>
	</file>
	<file name="$sourcedir/Subs-Editor.php">
		<operation>
			<search position="before"><![CDATA[			'ftp' => array('code' => 'ftp', 'before' => '[ftp]', 'after' => '[/ftp]', 'description' => $txt['ftp']),
			array(),]]></search>
			<add><![CDATA[			'error' => array('code' => 'error', 'before' => '[error]', 'after' => '[/error]', 'description' => $txt['error_bbc']),
			'warning' => array('code' => 'warning', 'before' => '[warning]', 'after' => '[/warning]', 'description' => $txt['warning_bbc']),
			'okay' => array('code' => 'okay', 'before' => '[okay]', 'after' => '[/okay]', 'description' => $txt['okay_bbc']),
			'info' => array('code' => 'info', 'before' => '[info]', 'after' => '[/info]', 'description' => $txt['info_bbc']),
			array(),]]></add>
		</operation>
	</file>
	<file name="$sourcedir/Subs.php">
		<operation>
			<search position="before"><![CDATA[			array(
				'tag' => 'white',
				'before' => '<span style="color: white;" class="bbc_color">',
				'after' => '</span>',
			),]]></search>
			<add><![CDATA[			// CSS Message Boxes - grafitus
			array(
				'tag' => 'error',
				'before' => '<div class="error_bbc">',
				'after' => '</div>',
			),
			array(
				'tag' => 'warning',
				'before' => '<div class="warning_bbc">',
				'after' => '</div>',
			),
			array(
				'tag' => 'okay',
				'before' => '<div class="okay_bbc">',
				'after' => '</div>',
			),
			array(
				'tag' => 'info',
				'before' => '<div class="info_bbc">',
				'after' => '</div>',
			),]]></add>
		</operation>
	</file>
	<file name="$themedir/style.css">
		<operation>
			<search position="after"><![CDATA[/* A quote, perhaps from another post. */]]></search>
			<add><![CDATA[/* -----------------------------------------------
   C S S   M E S S A G E   B O X E S   v1.0
  
   Thanks for eBurhan
   http://www.eburhan.com/

   Thanks for famfamfam icons
   http://www.famfamfam.com/
-------------------------------------------------- */

.error_bbc, .warning_bbc, .okay_bbc, .info_bbc {
    margin-bottom: 1.5em;
    padding: 1em 1.5em 1em 5.5em;
    border-bottom: 2px solid #fff;
    border-top: 2px solid #fff;
    color: #444
}

.error_bbc    {background: #fbe3e4 url(images/mBox/error.png) 2.2em center no-repeat; border-color: #e0011b}
.error_bbc a  {color: #d12f19}

.warning_bbc    {background: #fff6bf url(images/mBox/warning.png) 2.2em center no-repeat; border-color: #ffd324}
.warning_bbc a  {color: #817134}

.okay_bbc   {background: #e9ffdd url(images/mBox/okay.png) 2.2em center no-repeat; border-color: #72c868}
.okay_bbc a {color: #529214}

.info_bbc   {background: #e2ecee url(images/mBox/info.png) 2.2em center no-repeat; border-color: #9ddae6}
.info_bbc a {color: #2d7ba2}


/* Lists */
.error_bbc ul, .warning_bbc ul, .okay_bbc ul, .info_bbc ul {
    list-style: none;
    margin: 1.3em 1.5em
}
.error_bbc ul li, .warning_bbc ul li, .okay_bbc ul li, .info_bbc ul li {
    padding-left: 1.3em
}
.error_bbc ul li  { background: url(images/mBox/error-bullet.png)  0 0.55em no-repeat }
.warning_bbc ul li  { background: url(images/mBox/warning-bullet.png)  0 0.55em no-repeat }
.okay_bbc ul li { background: url(images/mBox/okay-bullet.png) 0 0.55em no-repeat }
.info_bbc ul li { background: url(images/mBox/info-bullet.png) 0 0.55em no-repeat }]]></add>
		</operation>
	</file>
</modification>