<?xml version="1.0"?>
<!DOCTYPE package-info SYSTEM "http://www.simplemachines.org/xml/package-info">
<package-info xmlns="http://www.simplemachines.org/xml/package-info" xmlns:smf="http://www.simplemachines.org/">
	<id>grafitus:Css_Message_Boxes</id>
	<name>CSS Message Boxes</name>
	<version>1.0</version>
	<type>modification</type>
	<install for="2.0 RC1.2">
		<readme type="inline">This will install CSS Message Boxes for SMF 2.0 RC1.2.</readme>
		<modification>install.xml</modification>
		<require-dir name="mBox" destination="$imagesdir" />
		<require-dir name="bbc" destination="$imagesdir" />
	</install>
	<uninstall for="2.0 RC1.2">
		<readme type="inline">This will uninstall CSS Message Boxes for SMF 2.0 RC1.2.</readme>
		<modification reverse="true">install.xml</modification>
		<remove-dir name="$imagesdir/mBox" />
		<remove-file name="$imagesdir/bbc/error.gif" />
		<remove-file name="$imagesdir/bbc/warning.gif" />
		<remove-file name="$imagesdir/bbc/okay.gif" />
		<remove-file name="$imagesdir/bbc/info.gif" />
	</uninstall>
</package-info>