<?xml version="1.0"?>
<!DOCTYPE modification SYSTEM "http://www.simplemachines.org/xml/modification">

<modification xmlns="http://www.simplemachines.org/xml/modification" xmlns:smf="http://www.simplemachines.org/">
	<id>uLogin</id>
	<version>1.1</version>
	<file name="$themedir/index.template.php">
		<operation>
			<search position="before"><![CDATA[<div class="info">', $txt['quick_login_dec'], '</div>';]]></search>
			<add><![CDATA[
		global $sourcedir;
		require_once($sourcedir . '/ulogin.php');
		
		echo '<script src="http://ulogin.ru/js/ulogin.js"></script><div id="uLogin" x-ulogin-params="display=small&fields=first_name,last_name,photo,email&optional=bdate,county,city&providers=' . ULOGIN_SHOWN . '&hidden=' . ULOGIN_HIDDEN . '&redirect_uri=' . ULOGIN_URL . '"></div>';
]]></add>
		</operation>
	</file>
	<file name="index.php">
		<operation>
			<search position="before"><![CDATA['xmlhttp' => array('Xml.php', 'XMLhttpMain'),]]></search>
			<add><![CDATA['ulogin' => array('ulogin.php', 'ulogin'),]]></add>
		</operation>
	</file>
</modification>
