<?xml version="1.0"?>
<!DOCTYPE package-info SYSTEM "http://www.simplemachines.org/xml/package-info">
<package-info xmlns="http://www.simplemachines.org/xml/package-info" xmlns:smf="http://www.simplemachines.org/">
	<id>Bugo:SMI</id>
	<name>Social Media Icons</name>
	<version>0.6.3</version>
	<type>modification</type>
	
	<install for="2.0 - 2.99.99">
		<readme parsebbc="true" lang="russian-utf8">readme/russian-utf8.txt</readme>
		<readme parsebbc="true" lang="russian">readme/russian.txt</readme>
		<readme parsebbc="true">readme/readme.txt</readme>
		<require-file name="core/Subs-SMI.php" destination="$sourcedir" />
		<require-dir name="default/css" destination="$themedir" />
		<require-dir name="default/images" destination="$themedir" />
		<require-dir name="default/languages" destination="$themedir" />
		<require-dir name="default/scripts" destination="$themedir" />
		<code>hooks.php</code>
		<redirect url="?action=admin;area=modsettings;sa=general" timeout="1000" />
	</install>
	
	<uninstall for="2.0 - 2.99.99">
		<code>hooks.php</code>
		<remove-file name="$themedir/css/smi.css" />
		<remove-file name="$themedir/images/normal_icons.png" />
		<remove-file name="$themedir/images/round_icons.png" />
		<remove-file name="$themedir/languages/SMI.english.php" />
		<remove-file name="$themedir/languages/SMI.english-utf8.php" />
		<remove-file name="$themedir/languages/SMI.russian.php" />
		<remove-file name="$themedir/languages/SMI.russian-utf8.php" />
		<remove-file name="$themedir/scripts/smi.js" />
		<remove-file name="$sourcedir/Subs-SMI.php" />
		<redirect url="?action=admin;area=packages;sa=browse" timeout="1000" />
	</uninstall>
	
</package-info>